[
   {
      "inputs":[
         
      ],
      "stateMutability":"nonpayable",
      "type":"constructor"
   },
   {
      "inputs":[
         {
            "internalType":"uint256",
            "name":"required",
            "type":"uint256"
         },
         {
            "internalType":"uint256",
            "name":"sent",
            "type":"uint256"
         }
      ],
      "name":"InsufficientAmount",
      "type":"error"
   },
   {
      "inputs":[
         {
            "internalType":"uint256",
            "name":"balance",
            "type":"uint256"
         },
         {
            "internalType":"uint256",
            "name":"requestedAmount",
            "type":"uint256"
         }
      ],
      "name":"InsufficientBalance",
      "type":"error"
   },
   {
      "inputs":[
         
      ],
      "name":"NotBuyer",
      "type":"error"
   },
   {
      "inputs":[
         
      ],
      "name":"NotSeller",
      "type":"error"
   },
   {
      "inputs":[
         
      ],
      "name":"ReentrancyGuardReentrantCall",
      "type":"error"
   },
   {
      "inputs":[
         {
            "internalType":"uint256",
            "name":"idPassed",
            "type":"uint256"
         }
      ],
      "name":"Transaction404",
      "type":"error"
   },
   {
      "inputs":[
         
      ],
      "name":"TransactionAlreadyConfirmed",
      "type":"error"
   },
   {
      "inputs":[
         
      ],
      "name":"TransactionCancelled",
      "type":"error"
   },
   {
      "inputs":[
         
      ],
      "name":"TransactionDelivered",
      "type":"error"
   },
   {
      "inputs":[
         
      ],
      "name":"TransactionDisputed",
      "type":"error"
   },
   {
      "inputs":[
         
      ],
      "name":"TransactionFinalized",
      "type":"error"
   },
   {
      "inputs":[
         
      ],
      "name":"TransactionNotDisputed",
      "type":"error"
   },
   {
      "inputs":[
         
      ],
      "name":"TransactionPending",
      "type":"error"
   },
   {
      "inputs":[
         {
            "internalType":"uint256",
            "name":"deadline",
            "type":"uint256"
         },
         {
            "internalType":"uint256",
            "name":"currentTime",
            "type":"uint256"
         }
      ],
      "name":"WaitPeriodHasPassed",
      "type":"error"
   },
   {
      "inputs":[
         {
            "internalType":"uint256",
            "name":"requiredTime",
            "type":"uint256"
         },
         {
            "internalType":"uint256",
            "name":"currentTime",
            "type":"uint256"
         }
      ],
      "name":"WaitPeriodNotPassed",
      "type":"error"
   },
   {
      "anonymous":false,
      "inputs":[
         {
            "indexed":true,
            "internalType":"address",
            "name":"user",
            "type":"address"
         },
         {
            "indexed":false,
            "internalType":"bool",
            "name":"status",
            "type":"bool"
         }
      ],
      "name":"AutoWithdrawSet",
      "type":"event"
   },
   {
      "anonymous":false,
      "inputs":[
         {
            "indexed":true,
            "internalType":"address",
            "name":"account",
            "type":"address"
         },
         {
            "indexed":false,
            "internalType":"uint256",
            "name":"previousBalance",
            "type":"uint256"
         },
         {
            "indexed":false,
            "internalType":"uint256",
            "name":"newBalance",
            "type":"uint256"
         }
      ],
      "name":"BalanceUpdated",
      "type":"event"
   },
   {
      "anonymous":false,
      "inputs":[
         {
            "indexed":true,
            "internalType":"address",
            "name":"buyer",
            "type":"address"
         },
         {
            "indexed":true,
            "internalType":"address",
            "name":"seller",
            "type":"address"
         },
         {
            "indexed":false,
            "internalType":"uint256",
            "name":"transactionId",
            "type":"uint256"
         }
      ],
      "name":"BuyerDisputed",
      "type":"event"
   },
   {
      "anonymous":false,
      "inputs":[
         {
            "indexed":true,
            "internalType":"address",
            "name":"buyer",
            "type":"address"
         },
         {
            "indexed":true,
            "internalType":"address",
            "name":"seller",
            "type":"address"
         },
         {
            "indexed":false,
            "internalType":"uint256",
            "name":"amount",
            "type":"uint256"
         }
      ],
      "name":"Delivered",
      "type":"event"
   },
   {
      "anonymous":false,
      "inputs":[
         {
            "indexed":false,
            "internalType":"uint256",
            "name":"transaction_id",
            "type":"uint256"
         },
         {
            "indexed":true,
            "internalType":"address",
            "name":"buyer",
            "type":"address"
         },
         {
            "indexed":true,
            "internalType":"address",
            "name":"seller",
            "type":"address"
         },
         {
            "indexed":false,
            "internalType":"uint256",
            "name":"amount",
            "type":"uint256"
         }
      ],
      "name":"NewTransaction",
      "type":"event"
   },
   {
      "anonymous":false,
      "inputs":[
         {
            "indexed":true,
            "internalType":"address",
            "name":"buyer",
            "type":"address"
         },
         {
            "indexed":true,
            "internalType":"address",
            "name":"seller",
            "type":"address"
         },
         {
            "indexed":false,
            "internalType":"uint256",
            "name":"transactionId",
            "type":"uint256"
         }
      ],
      "name":"SellerClaimed",
      "type":"event"
   },
   {
      "anonymous":false,
      "inputs":[
         {
            "indexed":true,
            "internalType":"address",
            "name":"buyer",
            "type":"address"
         },
         {
            "indexed":true,
            "internalType":"address",
            "name":"seller",
            "type":"address"
         },
         {
            "indexed":false,
            "internalType":"uint256",
            "name":"transactionId",
            "type":"uint256"
         }
      ],
      "name":"SellerConfirmed",
      "type":"event"
   },
   {
      "anonymous":false,
      "inputs":[
         {
            "indexed":false,
            "internalType":"address",
            "name":"user",
            "type":"address"
         },
         {
            "indexed":false,
            "internalType":"uint256",
            "name":"amountSent",
            "type":"uint256"
         },
         {
            "indexed":false,
            "internalType":"uint256",
            "name":"amountExpected",
            "type":"uint256"
         },
         {
            "indexed":false,
            "internalType":"uint256",
            "name":"amountRefunded",
            "type":"uint256"
         }
      ],
      "name":"SurplusRefund",
      "type":"event"
   },
   {
      "anonymous":false,
      "inputs":[
         {
            "indexed":true,
            "internalType":"address",
            "name":"buyer",
            "type":"address"
         },
         {
            "indexed":true,
            "internalType":"address",
            "name":"seller",
            "type":"address"
         },
         {
            "indexed":false,
            "internalType":"uint256",
            "name":"cancelledAt",
            "type":"uint256"
         }
      ],
      "name":"TransactionCancelledEvent",
      "type":"event"
   },
   {
      "anonymous":false,
      "inputs":[
         {
            "indexed":true,
            "internalType":"address",
            "name":"buyer",
            "type":"address"
         },
         {
            "indexed":true,
            "internalType":"address",
            "name":"seller",
            "type":"address"
         },
         {
            "indexed":false,
            "internalType":"uint256",
            "name":"amount",
            "type":"uint256"
         }
      ],
      "name":"TransactionConfirmed",
      "type":"event"
   },
   {
      "anonymous":false,
      "inputs":[
         {
            "indexed":true,
            "internalType":"address",
            "name":"account",
            "type":"address"
         },
         {
            "indexed":false,
            "internalType":"uint256",
            "name":"amount",
            "type":"uint256"
         },
         {
            "indexed":false,
            "internalType":"uint256",
            "name":"newBalance",
            "type":"uint256"
         }
      ],
      "name":"WithdrawalSuccessful",
      "type":"event"
   },
   {
      "inputs":[
         {
            "internalType":"address",
            "name":"_account",
            "type":"address"
         }
      ],
      "name":"balanceOf",
      "outputs":[
         {
            "internalType":"uint256",
            "name":"balance",
            "type":"uint256"
         }
      ],
      "stateMutability":"view",
      "type":"function"
   },
   {
      "inputs":[
         {
            "internalType":"uint256",
            "name":"_transactionId",
            "type":"uint256"
         }
      ],
      "name":"claim",
      "outputs":[
         
      ],
      "stateMutability":"nonpayable",
      "type":"function"
   },
   {
      "inputs":[
         {
            "internalType":"uint256",
            "name":"_transactionId",
            "type":"uint256"
         }
      ],
      "name":"deliver",
      "outputs":[
         
      ],
      "stateMutability":"nonpayable",
      "type":"function"
   },
   {
      "inputs":[
         {
            "internalType":"uint256",
            "name":"_transactionId",
            "type":"uint256"
         }
      ],
      "name":"dispute",
      "outputs":[
         
      ],
      "stateMutability":"nonpayable",
      "type":"function"
   },
   {
      "inputs":[
         {
            "internalType":"address",
            "name":"_address",
            "type":"address"
         }
      ],
      "name":"getAutoWithdraw",
      "outputs":[
         {
            "internalType":"bool",
            "name":"",
            "type":"bool"
         }
      ],
      "stateMutability":"view",
      "type":"function"
   },
   {
      "inputs":[
         {
            "internalType":"uint256",
            "name":"_productPrice",
            "type":"uint256"
         },
         {
            "internalType":"address",
            "name":"_seller",
            "type":"address"
         }
      ],
      "name":"makeTransaction",
      "outputs":[
         {
            "internalType":"uint256",
            "name":"",
            "type":"uint256"
         }
      ],
      "stateMutability":"payable",
      "type":"function"
   },
   {
      "inputs":[
         
      ],
      "name":"owner",
      "outputs":[
         {
            "internalType":"address",
            "name":"",
            "type":"address"
         }
      ],
      "stateMutability":"view",
      "type":"function"
   },
   {
      "inputs":[
         {
            "internalType":"uint256",
            "name":"_transactionId",
            "type":"uint256"
         }
      ],
      "name":"satisfy",
      "outputs":[
         
      ],
      "stateMutability":"nonpayable",
      "type":"function"
   },
   {
      "inputs":[
         {
            "internalType":"uint256",
            "name":"_transactionId",
            "type":"uint256"
         }
      ],
      "name":"sellerConfirm",
      "outputs":[
         
      ],
      "stateMutability":"nonpayable",
      "type":"function"
   },
   {
      "inputs":[
         {
            "internalType":"bool",
            "name":"_value",
            "type":"bool"
         }
      ],
      "name":"setAutoWithdraw",
      "outputs":[
         
      ],
      "stateMutability":"nonpayable",
      "type":"function"
   },
   {
      "inputs":[
         {
            "internalType":"uint256",
            "name":"",
            "type":"uint256"
         }
      ],
      "name":"transactions",
      "outputs":[
         {
            "internalType":"address",
            "name":"buyer",
            "type":"address"
         },
         {
            "internalType":"address",
            "name":"seller",
            "type":"address"
         },
         {
            "internalType":"uint256",
            "name":"amount",
            "type":"uint256"
         },
         {
            "internalType":"uint256",
            "name":"confirmedAt",
            "type":"uint256"
         },
         {
            "internalType":"enum Ecommerce.Status",
            "name":"status",
            "type":"uint8"
         },
         {
            "internalType":"bool",
            "name":"exists",
            "type":"bool"
         }
      ],
      "stateMutability":"view",
      "type":"function"
   },
   {
      "inputs":[
         
      ],
      "name":"transactions_count",
      "outputs":[
         {
            "internalType":"uint256",
            "name":"",
            "type":"uint256"
         }
      ],
      "stateMutability":"view",
      "type":"function"
   },
   {
      "inputs":[
         {
            "internalType":"uint256",
            "name":"_amount",
            "type":"uint256"
         }
      ],
      "name":"withdraw",
      "outputs":[
         
      ],
      "stateMutability":"nonpayable",
      "type":"function"
   }
]